Date,Open,High,Low,Close,Volume,SOURCE: Pocket Portfolio API
02/01/1998,80.63,85.95,80.41,85.59,13929600,
03/01/1998,85.75,90.06,84.22,88.19,14049200,
04/01/1998,88.36,92.11,87.72,90.88,11382000,
05/01/1998,91.09,92.58,87.94,88.84,9576200,
06/01/1998,88.63,91.25,85.94,89.69,10592600,
07/01/1998,90.38,93.63,88.02,88.53,6360600,
08/01/1998,88.63,88.92,74.88,74.88,16557300,
09/01/1998,76.22,81.88,73.88,78.19,15781500,
10/01/1998,77.00,88.00,74.47,86.03,17849200,
11/01/1998,86.78,94.09,86.23,90.81,8231000,
12/01/1998,90.25,93.53,86.52,91.53,11499900,
01/01/1999,92.08,96.63,90.36,93.28,11679600,
02/01/1999,93.98,96.13,90.97,92.89,10019000,
03/01/1999,93.00,100.75,92.00,97.75,11031300,
04/01/1999,98.50,109.56,97.55,107.63,36250100,
05/01/1999,107.94,111.50,104.22,105.14,32323000,
06/01/1999,105.20,110.25,104.06,109.38,14753600,
07/01/1999,109.84,112.63,106.31,106.34,12389700,
08/01/1999,106.38,113.75,105.28,108.25,20725400,
09/01/1999,108.94,111.88,100.75,103.63,22521000,
10/01/1999,102.55,108.00,99.56,107.56,26231800,
11/01/1999,107.50,111.22,105.41,108.69,13421900,
12/01/1999,108.69,115.72,108.66,115.19,11567700,
01/01/2000,116.03,117.50,107.00,109.50,28820600,
02/01/2000,109.56,111.19,98.19,101.56,29949700,
03/01/2000,101.78,112.47,96.84,109.44,46476800,
04/01/2000,109.31,114.53,101.52,107.56,53050400,
05/01/2000,107.97,109.78,102.53,105.31,24687100,
06/01/2000,105.98,108.97,103.34,104.38,18447600,
07/01/2000,104.75,109.09,104.06,105.00,11819200,
08/01/2000,105.53,113.33,105.05,112.47,16905200,
09/01/2000,112.94,114.09,105.53,106.63,17979400,
10/01/2000,106.98,109.92,96.75,109.41,36970200,
11/01/2000,109.16,110.22,102.88,104.41,33243800,
12/01/2000,104.94,109.44,102.78,106.78,33080400,
01/01/2001,107.19,112.50,104.59,108.67,31657100,
02/01/2001,108.72,110.48,103.00,105.00,33091000,
03/01/2001,104.45,108.78,91.00,99.14,108126700,
04/01/2001,98.40,109.12,93.76,107.22,90396900,
05/01/2001,107.45,113.64,106.77,109.08,78474900,
06/01/2001,109.50,112.18,104.01,105.24,52205800,
07/01/2001,104.78,107.00,101.34,105.03,40466300,
08/01/2001,105.78,106.25,98.83,99.88,71889800,
09/01/2001,99.70,102.07,79.50,88.35,125525100,
10/01/2001,87.85,96.10,87.35,90.68,128116800,
11/01/2001,91.15,100.15,90.15,98.59,66777700,
12/01/2001,98.10,101.95,97.21,99.80,48516700,
01/01/2002,100.48,103.14,95.30,99.24,70738400,
02/01/2002,99.11,102.70,95.85,101.10,109986200,
03/01/2002,101.79,106.89,101.24,103.71,141575900,
04/01/2002,103.36,104.13,98.13,99.49,110975400,
05/01/2002,99.64,103.73,97.96,99.25,83517800,
06/01/2002,99.28,100.11,89.05,92.53,107287800,
07/01/2002,92.67,94.19,75.28,87.15,267557500,
08/01/2002,86.86,91.00,80.30,86.52,239389800,
09/01/2002,85.52,87.99,74.60,76.00,215309500,
10/01/2002,76.67,85.89,72.03,83.75,335498600,
11/01/2002,83.50,89.80,83.18,88.90,179416800,
12/01/2002,90.40,90.66,82.48,83.51,126564000,
01/01/2003,84.15,88.88,79.14,80.84,163728500,
02/01/2003,80.97,81.69,76.52,79.31,146244700,
03/01/2003,79.68,85.36,74.31,79.82,225535100,
04/01/2003,80.27,85.70,79.76,84.86,183070700,
05/01/2003,84.75,88.98,83.50,88.84,175458000,
06/01/2003,89.41,93.95,88.80,89.91,174512300,
07/01/2003,89.59,93.77,88.85,92.47,146396300,
08/01/2003,92.49,95.24,90.03,94.41,123257300,
09/01/2003,94.26,96.99,92.42,93.13,120901300,
10/01/2003,93.42,98.83,93.32,98.03,127689300,
11/01/2003,98.45,99.35,95.92,98.08,90807200,
12/01/2003,98.33,104.75,98.33,104.57,137899900,
01/01/2004,105.04,107.23,103.80,105.08,160410500,
02/01/2004,105.20,107.92,104.53,106.07,105475500,
03/01/2004,106.45,107.09,100.12,103.92,174857500,
04/01/2004,103.60,105.95,102.35,102.35,134092400,
05/01/2004,102.67,104.14,98.81,102.18,167520500,
06/01/2004,101.91,105.05,101.46,104.63,105191200,
07/01/2004,104.48,104.65,99.31,101.75,145161600,
08/01/2004,101.28,102.25,98.15,101.89,125173500,
09/01/2004,101.74,103.82,99.91,100.87,121613600,
10/01/2004,101.34,102.88,97.27,100.38,163270800,
11/01/2004,100.49,106.26,100.29,104.33,140004500,
12/01/2004,104.63,108.56,104.16,107.51,140753000,
01/01/2005,108.15,108.59,103.62,104.80,166582800,
02/01/2005,105.02,108.98,104.84,107.70,105174200,
03/01/2005,107.76,109.83,103.86,104.99,133274900,
04/01/2005,105.43,105.62,99.89,101.88,163597400,
05/01/2005,102.24,105.50,100.86,104.63,130991000,
06/01/2005,104.64,106.51,102.44,102.75,134909000,
07/01/2005,103.07,107.16,101.73,106.63,139259400,
08/01/2005,106.72,107.33,103.45,104.89,143622000,
09/01/2005,104.78,107.01,103.44,105.75,159823200,
10/01/2005,105.74,106.01,101.58,103.91,179008400,
11/01/2005,104.25,109.59,103.76,108.22,114409400,
12/01/2005,108.74,109.50,106.82,106.95,120342200,
01/01/2006,107.44,110.46,106.45,108.27,141099600,
02/01/2006,108.50,111.52,107.32,109.90,136550800,
03/01/2006,110.24,113.27,109.27,111.31,146085400,
04/01/2006,111.64,114.10,110.36,113.88,133167100,
05/01/2006,113.95,116.80,110.19,111.73,197953900,
06/01/2006,111.59,112.85,106.95,111.79,191291600,
07/01/2006,111.95,112.56,106.89,111.90,156237900,
08/01/2006,111.50,114.08,110.50,113.81,127169300,
09/01/2006,114.21,117.33,113.23,116.74,139690400,
10/01/2006,116.75,121.55,116.44,120.73,165591800,
11/01/2006,121.06,123.51,119.60,122.28,150001300,
12/01/2006,122.37,125.14,120.90,124.41,130807200,
01/01/2007,125.16,126.49,123.25,126.24,175883200,
02/01/2007,126.46,127.90,120.50,122.66,163657100,
03/01/2007,121.41,125.01,119.50,123.59,234418200,
04/01/2007,123.57,131.98,123.11,130.67,155113800,
05/01/2007,130.84,136.66,130.31,136.29,283098100,
06/01/2007,136.61,136.85,132.37,134.20,343784800,
07/01/2007,134.42,140.46,131.14,132.17,349084000,
08/01/2007,131.89,136.96,125.31,133.40,536168100,
09/01/2007,133.22,139.31,130.24,138.91,216101300,
10/01/2007,138.96,141.95,133.92,138.95,307589300,
11/01/2007,137.86,137.90,127.25,134.16,403533900,
12/01/2007,133.69,137.90,131.06,132.55,218010400,
01/01/2008,132.47,132.67,115.80,126.00,473724100,
02/01/2008,126.49,127.61,120.76,123.01,279035500,
03/01/2008,122.47,126.10,117.46,122.40,348730900,
04/01/2008,123.89,129.98,122.70,128.19,293243700,
05/01/2008,128.00,131.29,124.37,126.13,233421300,
06/01/2008,125.98,126.25,112.75,113.42,380955700,
07/01/2008,112.38,116.88,108.32,113.70,575616800,
08/01/2008,114.12,118.73,112.13,115.45,422061700,
09/01/2008,116.96,118.01,104.01,108.36,698679300,
10/01/2008,107.57,108.79,78.94,93.50,1007168700,
11/01/2008,93.14,96.50,74.50,88.30,777198400,
12/01/2008,86.30,90.39,81.31,87.52,577288500,
01/01/2009,87.95,90.90,79.05,80.08,618804900,
02/01/2009,79.14,83.29,70.37,70.76,650954300,
03/01/2009,69.65,79.30,64.78,75.84,604399800,
04/01/2009,74.88,83.06,74.80,81.67,393548200,
05/01/2009,81.79,85.97,80.96,85.39,320204500,
06/01/2009,86.28,89.02,82.57,84.66,325483400,
07/01/2009,84.98,92.48,80.96,91.67,274478600,
08/01/2009,92.47,96.82,91.40,95.05,237236400,
09/01/2009,94.60,99.16,92.63,97.09,234513300,
10/01/2009,96.92,101.20,94.20,97.06,269299100,
11/01/2009,97.40,104.98,96.82,103.58,224123900,
12/01/2009,104.28,105.64,101.75,104.07,169229700,
01/01/2010,104.84,107.23,100.41,100.55,229355400,
02/01/2010,101.21,104.39,98.36,103.30,214258200,
03/01/2010,103.67,109.53,103.58,108.61,171222100,
04/01/2010,109.24,112.58,108.50,110.10,212147400,
05/01/2010,110.57,111.82,97.75,101.47,412859200,
06/01/2010,100.67,105.96,97.59,97.73,282428800,
07/01/2010,97.75,105.93,96.17,104.70,218440900,
08/01/2010,106.08,107.37,99.37,100.20,167266900,
09/01/2010,101.36,109.52,101.33,107.91,125993800,
10/01/2010,108.55,112.55,107.07,111.31,131885300,
11/01/2010,111.68,114.63,109.40,110.17,140835200,
12/01/2010,111.68,115.98,111.59,115.63,124823300,
01/01/2011,116.41,119.94,115.56,118.60,171137800,
02/01/2011,119.16,123.64,119.08,122.15,132276200,
03/01/2011,122.40,123.58,115.51,123.02,192920200,
04/01/2011,123.59,128.12,120.65,128.04,126745900,
05/01/2011,128.60,128.63,122.80,125.50,154591700,
06/01/2011,125.13,125.18,118.49,123.83,146290300,
07/01/2011,124.09,127.37,120.64,121.13,146856200,
08/01/2011,122.74,122.96,105.94,115.95,359056000,
09/01/2011,116.09,117.03,105.72,108.93,236814200,
10/01/2011,108.21,122.58,103.84,119.34,210863300,
11/01/2011,116.90,121.75,112.14,120.19,189762300,
12/01/2011,120.01,123.00,117.05,121.85,135753500,
01/01/2012,123.94,128.13,122.59,126.07,129418700,
02/01/2012,127.07,130.37,126.48,129.29,131463300,
03/01/2012,129.60,132.61,127.18,131.80,127375500,
04/01/2012,131.56,132.68,126.92,131.80,131885100,
05/01/2012,131.85,133.14,122.82,123.70,150557000,
06/01/2012,122.13,128.71,120.19,128.45,135600100,
07/01/2012,128.62,130.99,124.77,129.69,103815400,
08/01/2012,130.47,133.02,127.51,130.88,97470500,
09/01/2012,130.74,136.48,129.63,134.05,81878000,
10/01/2012,134.62,136.44,130.09,130.60,112174400,
11/01/2012,131.02,132.63,124.42,130.10,137897200,
12/01/2012,130.69,133.73,128.54,130.58,120863400,
01/01/2013,132.99,140.22,132.74,138.41,107710000,
02/01/2013,139.29,141.31,137.60,140.28,109155500,
03/01/2013,139.89,145.53,139.17,145.32,116788600,
04/01/2013,145.30,148.66,144.05,148.02,164699300,
05/01/2013,147.56,155.14,146.58,151.10,136104200,
06/01/2013,151.54,153.36,145.17,148.55,168441100,
07/01/2013,149.52,156.03,148.25,154.84,109215600,
08/01/2013,155.89,156.24,147.37,147.85,125415600,
09/01/2013,148.88,157.06,147.61,151.00,135222900,
10/01/2013,151.00,156.87,146.96,155.29,176083200,
11/01/2013,155.58,161.58,154.87,160.72,114369600,
12/01/2013,160.76,165.51,157.07,165.47,138229600,
01/01/2014,164.79,165.29,155.85,156.75,186965800,
02/01/2014,156.57,163.77,153.12,163.02,150777800,
03/01/2014,161.59,164.89,160.38,164.24,139639600,
04/01/2014,164.67,166.06,159.88,165.45,129276700,
05/01/2014,165.30,167.29,163.04,166.93,90738100,
06/01/2014,167.25,169.58,166.58,167.89,81057400,
07/01/2014,168.29,171.32,165.29,165.29,92877300,
08/01/2014,164.80,171.35,163.13,170.88,91516600,
09/01/2014,170.94,173.32,168.94,170.07,110722300,
10/01/2014,169.91,173.63,158.27,173.45,224560300,
11/01/2014,173.57,178.69,172.46,178.10,82373700,
12/01/2014,177.54,180.71,170.74,177.88,153832700,
01/01/2015,178.65,179.23,171.06,171.45,158080300,
02/01/2015,171.95,182.24,170.10,181.19,89529200,
03/01/2015,181.37,182.68,175.46,177.58,117760900,
04/01/2015,177.54,181.54,175.57,178.18,108809200,
05/01/2015,179.21,183.35,177.25,180.11,84988500,
06/01/2015,181.00,181.94,175.45,175.82,111271300,
07/01/2015,177.57,181.25,173.78,176.68,95582100,
08/01/2015,176.82,176.87,150.57,165.18,209167000,
09/01/2015,161.40,169.44,159.18,162.62,177477100,
10/01/2015,163.01,177.83,159.93,176.49,143995600,
11/01/2015,176.87,179.60,172.15,177.23,104538100,
12/01/2015,177.92,179.04,170.89,173.99,152886500,
01/01/2016,171.05,171.74,154.38,164.37,221571000,
02/01/2016,163.39,167.95,155.26,164.96,154988900,
03/01/2016,166.01,177.65,165.71,176.64,82236900,
04/01/2016,175.71,181.42,174.68,177.59,74121500,
05/01/2016,178.08,179.27,173.67,177.65,59842900,
06/01/2016,176.98,180.18,170.37,179.00,86715500,
07/01/2016,178.78,186.08,176.96,184.13,65794400,
08/01/2016,184.35,186.88,182.31,183.94,57464400,
09/01/2016,183.73,185.49,179.93,182.78,77934600,
10/01/2016,182.31,183.85,179.43,181.17,56215000,
11/01/2016,181.52,192.25,178.64,191.40,82978500,
12/01/2016,191.84,199.83,191.43,197.51,87859700,
01/01/2017,198.91,200.97,196.69,198.36,86089800,
02/01/2017,199.13,208.37,198.02,207.98,63888900,
03/01/2017,209.92,211.59,203.81,206.34,86710800,
04/01/2017,206.52,210.43,203.64,209.08,57320200,
05/01/2017,209.49,210.92,205.86,210.00,55340000,
06/01/2017,210.27,215.07,209.91,213.24,57726200,
07/01/2017,213.95,219.03,212.68,218.70,38988600,
08/01/2017,219.74,221.68,215.73,219.52,67798900,
09/01/2017,220.13,223.97,217.18,223.82,43396000,
10/01/2017,224.19,234.70,224.02,233.63,50038700,
11/01/2017,234.60,243.49,232.65,242.84,61412300,
12/01/2017,243.14,248.61,239.41,247.38,73664300,
01/01/2018,248.34,265.93,247.23,261.44,102211800,
02/01/2018,259.95,262.90,233.76,250.20,183041700,
03/01/2018,250.21,254.72,234.85,241.40,121375800,
04/01/2018,240.33,248.48,233.20,241.54,107013400,
05/01/2018,240.69,250.67,235.12,244.18,82718200,
06/01/2018,246.14,254.16,239.83,242.73,99747700,
07/01/2018,240.92,255.68,240.62,254.17,75848400,
08/01/2018,253.90,261.77,249.86,259.85,79663800,
09/01/2018,259.22,267.61,257.82,264.40,63102800,
10/01/2018,266.10,269.28,241.05,251.19,163946700,
11/01/2018,252.15,262.97,242.71,255.51,93217400,
12/01/2018,260.17,260.30,216.97,233.20,136737400,
01/01/2019,229.27,251.00,226.36,250.12,93252100,
02/01/2019,250.67,262.36,249.13,259.28,60166600,
03/01/2019,261.15,261.68,252.46,259.13,88452200,
04/01/2019,261.23,266.86,260.58,265.79,62240200,
05/01/2019,266.47,266.81,248.22,248.22,90766600,
06/01/2019,248.34,268.96,247.04,265.85,64656500,
07/01/2019,268.45,273.99,266.00,268.52,47920200,
08/01/2019,268.82,271.71,253.93,264.13,87214100,
09/01/2019,262.07,273.44,260.03,269.18,56036400,
10/01/2019,269.76,275.00,257.38,270.48,62734700,
11/01/2019,271.86,281.91,271.69,280.95,37038500,
12/01/2019,281.45,286.85,273.62,285.10,44607400,
01/01/2020,286.44,293.61,281.61,282.42,58268500,
02/01/2020,283.69,295.87,247.00,254.56,91684900,
03/01/2020,256.71,271.11,182.10,219.23,254951200,
04/01/2020,210.65,247.67,207.18,243.22,138549700,
05/01/2020,239.58,257.94,228.30,254.29,89615500,
06/01/2020,253.78,276.38,249.10,257.87,120196900,
07/01/2020,258.87,270.54,255.35,264.35,74383800,
08/01/2020,265.67,287.45,265.35,284.28,55267700,
09/01/2020,283.73,292.36,265.27,277.50,77593100,
10/01/2020,279.33,289.61,261.41,265.06,72158000,
11/01/2020,268.90,301.11,266.93,296.62,82895400,
12/01/2020,299.73,306.29,296.35,305.79,64517400,
01/01/2021,306.59,312.71,298.59,299.81,71320500,
02/01/2021,302.28,320.04,300.14,309.45,61198700,
03/01/2021,313.48,332.86,305.68,330.18,122196100,
04/01/2021,330.78,342.43,329.72,338.94,75055200,
05/01/2021,340.79,351.09,335.20,345.64,86276900,
06/01/2021,348.54,348.65,332.68,344.95,76505600,
07/01/2021,345.78,351.71,337.38,349.48,88572500,
08/01/2021,350.45,356.60,347.11,353.92,69352400,
09/01/2021,354.29,355.18,335.99,338.29,98119200,
10/01/2021,340.03,358.93,337.68,358.23,83791100,
11/01/2021,359.45,365.64,344.36,344.90,86987900,
12/01/2021,348.04,366.72,340.32,363.32,121742800,
01/01/2022,364.34,369.50,331.35,351.08,207917000,
02/01/2022,351.66,358.10,322.69,339.34,139897900,
03/01/2022,337.27,353.71,326.06,346.83,127876900,
04/01/2022,348.15,354.88,329.10,329.69,103814200,
05/01/2022,330.35,341.17,306.28,330.20,125438000,
06/01/2022,332.41,332.95,296.39,307.82,79873500,
07/01/2022,307.40,329.27,301.47,328.66,58151800,
08/01/2022,326.91,343.09,315.60,315.65,64243500,
09/01/2022,314.29,325.68,287.04,287.30,73801400,
10/01/2022,290.56,328.89,286.62,327.42,90874400,
11/01/2022,329.37,346.19,317.18,346.15,91475200,
12/01/2022,346.75,348.22,325.65,331.33,92339500,
01/01/2023,332.42,343.49,328.10,340.83,74209900,
02/01/2023,339.12,343.53,326.43,326.57,70147900,
03/01/2023,326.04,336.12,314.97,332.62,98518300,
04/01/2023,333.59,341.04,332.31,341.03,52752200,
05/01/2023,341.10,342.59,325.82,329.52,65523800,
06/01/2023,328.91,345.73,327.32,343.85,67949100,
07/01/2023,343.00,356.36,337.17,355.57,65726200,
08/01/2023,355.27,356.70,340.35,347.81,75614100,
09/01/2023,349.93,350.63,332.93,334.95,59045500,
10/01/2023,334.29,341.52,323.21,330.48,90645800,
11/01/2023,330.92,360.18,330.10,360.00,67610600,
12/01/2023,360.02,377.69,359.86,376.87,81068000,
01/01/2024,374.80,385.82,371.34,381.37,87501200,
02/01/2024,381.40,392.84,380.46,389.95,66004000,
03/01/2024,389.85,398.82,384.92,397.76,70810900,
04/01/2024,397.82,398.05,376.14,378.13,91750800,
05/01/2024,378.38,401.00,377.98,387.53,69101300,
06/01/2024,387.87,395.59,382.93,391.13,49359600,
07/01/2024,392.08,413.86,390.26,408.49,78368900,
08/01/2024,409.70,416.55,384.93,416.21,77139800,
09/01/2024,413.91,426.20,400.81,423.12,61897000,
10/01/2024,422.42,433.20,417.02,417.67,67262300,
11/01/2024,419.67,451.28,416.44,450.09,78838100,
12/01/2024,450.61,451.55,421.72,425.50,61525100,
01/01/2025,428.34,450.36,418.51,445.39,55903700,
02/01/2025,439.61,449.73,431.02,438.37,50573500,
03/01/2025,439.54,440.69,407.25,419.88,58428200,
04/01/2025,418.41,423.65,366.32,406.34,95234300,
05/01/2025,408.55,428.66,407.02,422.85,55956500,
06/01/2025,421.31,441.26,419.08,440.65,62030300,
07/01/2025,440.19,450.25,437.64,441.33,78442700,
08/01/2025,437.75,457.87,433.40,456.09,95749600,
09/01/2025,451.99,467.00,450.16,463.74,105680700,
10/01/2025,462.57,480.39,454.56,475.67,162673000,
11/01/2025,476.16,484.40,457.71,477.18,143704200,
12/01/2025,474.34,489.66,472.95,480.57,103952900,
01/01/2026,481.85,496.34,478.38,489.03,128009100,
02/01/2026,488.87,505.30,486.76,489.66,133105300,
03/01/2026,484.34,490.98,450.44,463.19,182101700,
04/01/2026,466.00,498.38,458.88,496.65,89398200,
05/01/2026,498.84,511.31,489.00,510.78,94898700,
06/01/2026,509.85,526.57,500.10,522.39,115968700,
07/01/2026,521.43,532.54,514.72,518.76,58744200,
07/24/2026,517.28,520.56,516.27,518.76,3269106,
DATA END,For automated updates,upgrade at:,pocketportfolio.app/sponsor,,,